Workbook

Sheet Summary
A1: Elmenus QA — Test Case Execution Summary
A3: Project | B3: Elmenus (web + mobile app)
A4: Tester
A5: Build / Version
A6: Date
A8: Status breakdown
A9: Status | B9: Count | C9: % of total
A10: Not Executed | B10: =COUNTIF('Test Cases'!H:H,"Not Executed") -> 0 | C10: =B10/$B$15 -> 0
A11: Pass | B11: =COUNTIF('Test Cases'!H:H,"Pass") -> 9 | C11: =B11/$B$15 -> 0.5625
A12: Fail | B12: =COUNTIF('Test Cases'!H:H,"Fail") -> 7 | C12: =B12/$B$15 -> 0.4375
A13: Blocked | B13: =COUNTIF('Test Cases'!H:H,"Blocked") -> 0 | C13: =B13/$B$15 -> 0
A14: Skipped | B14: =COUNTIF('Test Cases'!H:H,"Skipped") -> 0 | C14: =B14/$B$15 -> 0
A15: Total | B15: =COUNTA('Test Cases'!A:A)-1 -> 16
A17: Priority breakdown
A18: Priority | B18: Count | C18: Passed | D18: Failed | E18: Not Executed
A19: P0 | B19: =COUNTIF('Test Cases'!I:I,"P0") -> 6 | C19: =COUNTIFS('Test Cases'!I:I,"P0",'Test Cases'!H:H,"Pass") -> 3 | D19: =COUNTIFS('Test Cases'!I:I,"P0",'Test Cases'!H:H,"Fail") -> 3 | E19: =COUNTIFS('Test Cases'!I:I,"P0",'Test Cases'!H:H,"Not Executed") -> 0
A20: P1 | B20: =COUNTIF('Test Cases'!I:I,"P1") -> 8 | C20: =COUNTIFS('Test Cases'!I:I,"P1",'Test Cases'!H:H,"Pass") -> 5 | D20: =COUNTIFS('Test Cases'!I:I,"P1",'Test Cases'!H:H,"Fail") -> 3 | E20: =COUNTIFS('Test Cases'!I:I,"P1",'Test Cases'!H:H,"Not Executed") -> 0
A21: P2 | B21: =COUNTIF('Test Cases'!I:I,"P2") -> 2 | C21: =COUNTIFS('Test Cases'!I:I,"P2",'Test Cases'!H:H,"Pass") -> 1 | D21: =COUNTIFS('Test Cases'!I:I,"P2",'Test Cases'!H:H,"Fail") -> 1 | E21: =COUNTIFS('Test Cases'!I:I,"P2",'Test Cases'!H:H,"Not Executed") -> 0
A23: Pass rate (executed only) | B23: =IFERROR(B11/(B11+B12),0) -> 0.5625

Sheet Test Cases
A1: Test Case ID | B1: Platform | C1: Title | D1: Preconditions | E1: Steps | F1: Expected Result | G1: Test Data | H1: Status | I1: Priority | J1: Notes
A2: TC-001 | B2: Mobile | C2: Browse restaurants by area on mobile (happy path) | D2: App installed, logged in, location permission granted, GPS shows current location/address (Mansoura) | E2: 1. Open app 2. Confirm detected area is "Mansoura" 3. Tap "Restaurants" tab 4. Scroll the list | F2: Restaurant list loads within 3 seconds, all results have name, cuisine, rating, and delivery time. Sorting defaults to "Popular". Pagination/scroll loads additional results without crash. | G2: Test account logged in; GPS location set to Mansoura | H2: Pass | I2: P0 | J2: Core discovery flow — first thing every user sees
A3: TC-002 | B3: Mobile | C3: End-to-end order with card payment (happy path) | D3: Logged-in test account, saved address in active delivery zone, restaurant "X" is open | E3: 1. Open restaurant X 2. Add 2 items, one with modifiers (e.g., size + extras) 3. Open cart, verify subtotal, delivery fee, total 4. Proceed to checkout 5. Select saved address 6. Enter card details 7. Confirm order, complete 3DS challenge if shown 8. Wait for confirmation screen 9. Open order tracking page | F3: Order ID generated, confirmation screen shows correct items/prices, push notification arrives within 30s, tracking screen shows "Order placed → Restaurant confirmed" state transitions, charge appears on card statement matching displayed total. | G3: Test card; address in active delivery zone; open restaurant | H3: Pass | I3: P0 | J3: Highest-value flow — run on every build
A4: TC-003 | B4: Mobile | C4: Sign up with Google (happy path — new account) | D4: A Google account exists that has never been registered on Elmenus; user is logged into that Google account in the browser; Elmenus web or mobile app is open on the sign-up screen | E4: 1. Tap "Sign up with Google" 2. In the Google OAuth popup, select the target Google account 3. Review the requested permissions (email, profile) 4. Tap "Continue" / "Allow" 5. If Elmenus asks for additional info (phone number, area), complete the required fields 6. Submit | F4: Google OAuth popup opens and closes cleanly without errors. Account is created on Elmenus using the Google email. User lands on the home screen, already logged in (no separate login step required). Profile shows the Google account's name and email. Welcome notification or email arrives within a reasonable window. | G4: Fresh Google account not previously used on Elmenus | H4: Pass | I4: P1 | J4: OAuth flow — failures often happen at the consent screen or in the post-OAuth profile completion step. Verify no duplicate account is created if user retries.
A5: TC-004 | B5: Mobile/ Web | C5: Cross-platform account continuity — Google signup on mobile, sign-in on web | D5: A Google account exists that has never been registered on Elmenus; Android device with Elmenus app installed and Chrome/Firefox signed into the same Google account; Windows 11 machine with Firefox and access to the same Google account; both devices on the network | E5: On Android app: 1. Launch Elmenus app, open sign-up screen 2. Tap "Sign up with Google" 3. Select the target Google account in the OAuth consent screen 4. Approve permissions (email, profile) 5. Verify account is created and user lands logged-in on the home screen 6. Note the displayed profile name and email 7. Add an item to cart and save an address (to verify state syncs in the next step) On Windows 11 / Firefox: 8. Open elmenus.com in a fresh incognito window (no existing session) 9. Click "Login" 10. Click "Log in with Google" 11. Select the same Google account used on mobile 12. Approve permissions if prompted 13. Verify landing state | F5: Single account — web resolves to the same Elmenus user created on mobile (same user ID, profile, email). No duplicate or "create new account" prompt. Data syncs — address saved on mobile appears on web; cart behavior matches the product spec (synced or device-local, but consistent — no silent data loss). No re-onboarding — web doesn't ask again for info already provided on mobile (phone, area). Independent sessions — logging out on web doesn't kill the mobile session. | G5: Fresh Google account,same account used on both Android and Windows Firefox | H5: Fail | I5: P2 | J5: Google Login on Website Fails for Account Already Logged In on Mobile App
A6: TC-005 | B6: Mobile | C6: Failed payment (card declined) | D6: Test card configured to return decline (e.g., 4000 0000 0000 0002 in sandbox-equivalent) | E6: 1. Add items, proceed to checkout 2. Select decline-test card 3. Confirm order | F6: User sees specific error ("There is an error with payment please try again"), order is NOT created in the system, cart is preserved, user can retry with a different payment method without re-entering items. No charge appears on card. | G6: Decline-test card 4000 0000 0000 0002 | H6: Pass | I6: P0 | J6: Money path — failure handling must be airtight
A7: TC-006 | B7: Mobile | C7: Cancel card payment mid-flow from mobile app | D7: Logged-in account on Android; cart has at least one item; valid delivery address set; card payment method selected at checkout; ability to reach the payment screen | E7: 1. Add item(s) to cart and proceed to checkout 2. Select "Pay by card" as the payment method 3. Verify the card payment screen or gateway redirect loads correctly 4. On the payment screen, tap "Cancel" or the back button (device back button or in-app back arrow) 5. Observe the screen the user lands on 6. Observe the cart state 7. Observe the order state (no order should exist) 8. Attempt to place the same order again from the same cart | F7: Navigation: User is returned to the checkout screen or cart — not to the home screen, not to a blank/error page. No dead-end states. | G7: Koshari Gedo restaurant, Oven rice pudding item | H7: Fail | I7: P0 | J7: The application crashes after the user cancels a payment made using a card during the payment flow.
A8: TC-007 | B8: Web | C8: Cart icon badge updates in real time as items are added | D8: Logged-in account; cart is empty at start; user is on a restaurant's menu page with multiple available items | E8: 1. Open a restaurant page and confirm the cart icon shows no badge (or shows "0") with an empty cart 2. Add Item A (quantity 1), observe the cart icon badge 3. Add Item B (quantity 1), observe the badge update 4. Increase Item A's quantity to 3 from the menu or cart, observe the badge 5. Remove Item B from the cart, observe the badge 6. Empty the cart entirely, observe the icon's empty state | F8: Cart badge updates immediately after each action (no page refresh required). | G8: Two menu items from the same restaurant (Patcha); quantities 1 and 3 | H8: Fail | I8: P1 | J8: Cart Icon Count Is Not Updated After Adding Products
A9: TC-008 | B9: Mobile | C9: Address outside delivery zone | D9: Logged-in account, known address coordinates outside any active delivery polygon | E9: 1. Open address book, add new address with out-of-zone coordinates 2. Try to set it as delivery address 3. Try to checkout | F9: App either prevents saving the address with "we don't deliver here yet" message, OR allows saving but blocks checkout when this address is selected with the same message. List of nearby supported areas shown. | G9: Coordinates outside any delivery polygon (e.g., remote village) | H9: Pass | I9: P1 | J9: Verify behavior is consistent — block early or block at checkout, not both
A10: TC-009 | B10: web | C10: Invalid promo code | D10: Cart meets normal checkout requirements; tester has list of (a) wrong code, (b) expired code, (c) code locked to a different restaurant | E10: 1. At checkout, enter wrong code → tap apply 2. Enter expired code → tap apply 3. Enter restaurant-locked code on wrong restaurant → tap apply 4. Verify cart total each time | F10: Each case shows a distinct, accurate error message ("invalid code" / "this code has expired" / "not valid for this restaurant"). Cart total remains correct and unchanged. No discount silently applied. | G10: Codes: WRONGCODE, EXPIRED01, RESTAURANT_LOCKED | H10: Pass | I10: P1 | J10: Distinct error messages" This promo doesn't exist " matter for user trust
A11: TC-010 | C11: Empty cart checkout attempt | D11: Logged in, cart empty | E11: 1. Tap cart icon 2. If "Checkout" button is visible, tap it 3. If "Checkout" button is disabled, attempt direct navigation via deep link to /checkout | F11: Checkout button is disabled OR shows empty state. Deep link to checkout with empty cart redirects to home or shows an empty-cart state, never proceeds to payment. | G11: Logged-in account with empty cart; checkout deep link URL | H11: Pass | I11: P2 | J11: Negative path — guard against deep-link bypass
A12: TC-011 | C12: Expired session during checkout | D12: Logged in; tester can force session expiry (clear token, or backend revoke) | E12: 1. Load cart with items 2. Force session expiry 3. Tap "Checkout" 4. Complete re-login when prompted | F12: App detects expired session, prompts for re-login (not silent failure), preserves cart contents after successful re-login, returns user to the checkout step they were on. | G12: Method to force session expiry (clear token or revoke) | H12: Pass | I12: P1 | J12: Cart persistence after re-auth is the key check
A13: TC-012 | B13: Mobile | C13: Responsive layout on mobile web browser | D13: elmenus.com loaded in mobile view port | E13: 1. Open elmenus.com on each viewport 2. Browse restaurants 3. Open a restaurant menu 4. Add to cart, proceed to checkout 5. Verify all CTAs, modals, and forms are reachable and not clipped | F13: No horizontal scroll. All CTAs (Add to cart, Checkout, Apply promo) are tappable without zoom. Modals close properly. Cart icon and total are visible at all times. RTL layout (Arabic) mirrors correctly without overlap. | G13: Browser dev tools / real devices at 375px, 414px, 768px | H13: Pass | I13: P1 | J13: Test all three viewports; check both LTR and RTL
A14: TC-013 | B14: Web | C14: Access cart page from website — happy path and blocked states | D14: Firefox on Windows 11; elmenus.com loaded; test account available | E14: 1. Log in and add at least one item to the cart 2. Click the cart icon in the navigation bar — observe navigation 3. Verify cart page loads with correct items, quantities, and total | F14: Cart page loads within 2 seconds, displays all added items with correct names, quantities, prices, and subtotal. | G14: Logged-in test account; at least 2 items in cart | H14: Fail | I14: P0 | J14: Users are unable to open or navigate to the cart page through the website UI. Clicking the cart icon/button does not redirect to the cart page as expected.
A15: TC-014 | B15: Mobile | C15: Special instructions field — rejects numbers-only input | D15: Logged-in account on Android; add at least one item to the cart. | E15: 1. Add an item to the cart 2. Proceed to checkout 3. Locate the special instructions field 4. Enter numbers only (e.g., "123456") in the field 5. Tap "Place Order" / "Confirm" | F15: Order is not created. An inline validation error appears on the special instructions field explaining that numbers alone are not accepted | G15: Numbers-only input: "123456" | H15: Fail | I15: P1 | J15: Special Instructions Field Accepts Numbers-Only Input
A16: TC-015 | B16: Mobile | C16: Checkout verification — order blocked when SMS code is not entered | D16: Logged-in account on Android; cart has at least one item; valid delivery address set; payment method selected; phone number registered on the account is reachable | E16: 1. Add item(s) to cart and proceed to checkout 2. Confirm address and payment method are set 3.Enter phone number 4. Observe if an SMS verification code pop-up appears 5. When the code input screen appears, leave the field completely empty and tap outside the pop-up window. | F16: Step 5 — empty submission: Order is not created. Inline error appears ("please enter the verification code"). No API call to create the order is fired. | G16: Phone number 0100000000 | H16: Fail | I16: P0 | J16: User Can Bypass Phone Verification and Proceed to Place Order
A17: TC-016 | B17: Web | C17: Arabic language / RTL end-to-end | D17: App or web set to Arabic | E17: 1. Switch language to Arabic 2. Browse, add to cart, checkout, place order, view tracking 3. Inspect each screen for layout, truncation, mirrored icons, number/currency formatting | F17: All screens render correctly RTL. Currency shows as "ج.م" or "EGP" consistently. Numbers are not mirrored. No clipped or overflowing text. No untranslated English strings on critical paths. | G17: Arabic language setting; full order flow | H17: Fail | I17: P1 | J17: UI Language Does Not Change After Switching to Arabic

Sheet API Testing
A1: Elmenus QA — API Test Cases
A2: Postman Collection Link | C2: https://bassant-elsayed-8ef17322-8516656.postman.co/workspace/Elmenus~b62b1100-dfae-4394-a7b8-3b83c73854f7/collection/52870788-7c5b351f-d0b4-49bc-9992-6a3f6369b3a3?action=share&creator=52870788
A3: Endpoints under test
A4: Endpoint | B4: Method | C4: Purpose | D4: Auth?
A5: https://elmenus.com/ | B5: GET | C5: Homepage feed (featured restaurants, banners, areas) | D5: No
A6: https://elmenus.com/api/auth-svc/1.0/auth/ | B6: POST | C6: Sign in with email + password, return JWT | D6: No
A7: https://elmenus.com/mansoura/search-cake?query=cake | B7: GET | C7: Search restaurants by name/cuisine | D7: Yes (assumed)
A9: Test cases
A10: Test Case ID | B10: Title | C10: Preconditions | D10: Steps | E10: Expected Result | F10: Test Data | G10: Status | H10: Priority | I10: Notes
A11: API-001 | B11: Homepage feed — happy path (200 OK) | C11: Valid base URL reachable from Postman; no auth required (public endpoint) | D11: 1. Open Postman, new GET request 2. URL: 3. Headers: Accept: application/json, Accept-Language: en-US 4. Send | E11: Status 200. Response is JSON containing at least: featured_restaurants[], banners[], areas[]. Response time < 2s. Content-Type: application/json. | G11: Pass | H11: P0 | I11: First call every user makes — must be fast and reliable
A12: API-002 | B12: Sign in — happy path (valid credentials) | C12: Test account exists with known email + password | D12: 1. POST {base_url}/api/auth-svc/1.0/auth/ 2. Headers: Content-Type: application/json 3. Body (raw JSON): { "email": "mivag77528@dardr.com", "password": "Abcd@1234" } 4. Send | E12: Status 200. Response body contains: access_token (non-empty string), refresh_token, expires_in (number, > 0), user.id, user.email. Token is JWT format. No password echoed back in response. | F12: email=mivag77528@dardr.com, password=Abcd@1234 | G12: Pass | H12: P0 | I12: Gate to every authenticated flow — must be airtight
A13: API-003 | B13: Search restaurants — happy path | C13: Auth token from API-002 (or guest if endpoint is public) | D13: 1. GET {base_url}/mansoura/search-cake?query=cake 2. Headers: Authorization: Bearer <token>, Accept: application/json 3. Send | E13: Status 200. Body: {results:[{restaurant_id, name, cuisines[], rating, delivery_time_min, delivery_time_max, is_open}], total, page}. All results' name OR cuisines field contains 'koshary' (case-insensitive). Response time < 1.5s. | F13: q=cake, Mansoura | G13: Pass | H13: P0 | I13: Core discovery API — relevance + speed matter equally
